bond_name,ISIN,issue_date,maturity_date,month_until_maturity,years_to_maturity,coupon,last_coupon_date,month_since_last_coupon,2021/1/18,2021/1/19,2021/1/20,2021/1/21,2021/1/22,2021/1/25,2021/1/26,2021/1/27,2021/1/28,2021/1/29
CAN 0.75 Mar 1,CA135087F254,2015-10-19,2021-03-01,1,0.083,0.0075,2020-09-01,5,100.08,100.08,100.08,100.07,100.07,100.06,100.06,100.06,100.06,100.06
CAN 3.25 Jun 1,CA135087ZJ69,2010-07-19,2021-06-01,4,0.33,0.0325,2020-12-01,2,101.16,101.15,101.13,101.1,101.1,101.08,101.08,101.07,101.05,101.04
CAN 0.75 Sep 1,CA135087F585,2016-04-11,2021-09-01,7,0.583,0.0075,2020-09-01,5,100.41,100.4,100.4,100.39,100.38,100.37,100.37,100.38,100.37,100.37
CAN 0.5 Mar 1,CA135087G328,2016-10-11,2022-03-01,13,1.083,0.005,2020-09-01,5,100.44,100.43,100.41,100.4,100.41,100.39,100.39,100.41,100.41,100.41
CAN 2.75 Jun 1,CA135087ZU15,2011-08-02,2022-06-01,16,1.33,0.0275,2020-12-01,2,103.61,103.6,103.57,103.54,103.54,103.51,103.51,103.52,103.5,103.5
CAN 1.75 Mar 1,CA135087H490,2017-10-06,2023-03-01,25,2.083,0.0175,2020-09-01,5,103.29,103.29,103.25,103.24,103.25,103.22,103.22,103.25,103.26,103.24
CAN 1.5 Jun 1,CA135087A610,2012-07-30,2023-06-01,28,2.333,0.015,2020-12-01,2,103.13,103.14,103.1,103.09,103.09,103.04,103.06,103.1,103.08,103.06
CAN 2.25 Mar 1,CA135087J546,2018-10-05,2024-03-01,37,3.083,0.0225,2020-09-01,5,106.21,106.21,106.17,106.15,106.17,106.12,106.18,106.22,106.19,106.18
CAN 1.5 Sep 1,CA135087J967,2019-04-05,2024-09-01,43,3.583,0.015,2020-09-01,5,104.27,104.28,104.25,104.19,104.24,104.29,104.26,104.32,104.24,104.24
CAN 1.25 Mar 1,CA135087K528,2019-10-11,2025-03-01,49,4.083,0.0125,2020-09-01,5,103.6,103.6,103.59,103.51,103.54,103.62,103.59,103.66,103.61,103.57
CAN 1.5 Jun 1,CA135087E679,2015-07-21,2026-06-01,62,5.167,0.015,2020-12-01,5,105.59,105.57,105.51,105.37,105.4,105.5,105.47,105.56,105.46,105.44